,Latitude,Longitude
0,34.99471,-83.38189
1,34.99518,-83.38174
2,34.99543,-83.38169
3,34.99558,-83.38166
4,34.99591,-83.38164
5,34.99621,-83.38165
6,34.99664,-83.38169
7,34.99677,-83.38171
8,34.99691,-83.38174
9,34.99729,-83.38184
10,34.99967,-83.38261
11,35.00027,-83.38277
12,35.00113,-83.38296
13,35.00163,-83.38305
14,35.00285,-83.38321
15,35.00447,-83.38349
16,35.00653,-83.38375
17,35.00703,-83.38383
18,35.00718,-83.38387
19,35.00761,-83.38403
20,35.00802,-83.38422
21,35.00851,-83.38453
22,35.00877,-83.38472
23,35.01082,-83.38641
24,35.01148,-83.38693
25,35.01182,-83.38716
26,35.01207,-83.38729
27,35.01225,-83.38737
28,35.01257,-83.38747
29,35.01294,-83.38753
30,35.01312,-83.38754
31,35.01326,-83.38754
32,35.01341,-83.38753
33,35.01353,-83.38753
34,35.01385,-83.38747
35,35.01415,-83.38739
36,35.01426,-83.38735
37,35.01452,-83.38722
38,35.0147,-83.3871
39,35.01532,-83.38658
40,35.01694,-83.38504
41,35.01804,-83.38407
42,35.01958,-83.38279
43,35.01987,-83.38258
44,35.02027,-83.38235
45,35.02095,-83.38214
46,35.02117,-83.38209
47,35.02143,-83.38205
48,35.02204,-83.38204
49,35.02226,-83.38206
50,35.0231,-83.38217
51,35.0336,-83.38388
52,35.03597,-83.38423
53,35.0375,-83.38437
54,35.04005,-83.38464
55,35.04072,-83.38467
56,35.04314,-83.38485
57,35.04897,-83.38516
58,35.04922,-83.38519
59,35.05296,-83.38548
60,35.0537,-83.38558
61,35.05438,-83.38569
62,35.0571,-83.38619
63,35.05748,-83.38627
64,35.05776,-83.3863
65,35.05806,-83.38635
66,35.05828,-83.3864
67,35.05854,-83.38649
68,35.05903,-83.3867
69,35.05925,-83.38681
70,35.06101,-83.3878
71,35.06141,-83.38798
72,35.06188,-83.38815
73,35.0623,-83.38822
74,35.06249,-83.38824
75,35.06276,-83.38828
76,35.06601,-83.38853
77,35.06653,-83.38854
78,35.06693,-83.38852
79,35.06716,-83.38849
80,35.06756,-83.38842
81,35.06795,-83.38832
82,35.06827,-83.38822
83,35.06866,-83.38807
84,35.06909,-83.38789
85,35.0691,-83.38788
86,35.07094,-83.38709
87,35.07201,-83.38665
88,35.07294,-83.38632
89,35.0739,-83.38601
90,35.07553,-83.38552
91,35.07602,-83.38539
92,35.07705,-83.38515
93,35.07782,-83.38499
94,35.0787,-83.38484
95,35.08282,-83.38429
96,35.08353,-83.38417
97,35.08578,-83.38392
98,35.08939,-83.38341
99,35.08999,-83.38334
100,35.09029,-83.38329
101,35.09095,-83.38326
102,35.09146,-83.38326
103,35.09222,-83.38332
104,35.09275,-83.38339
105,35.09337,-83.38352
106,35.09798,-83.38461
107,35.103,-83.38586
108,35.10453,-83.38632
109,35.10629,-83.38694
110,35.10789,-83.38757
111,35.10826,-83.38769
112,35.11511,-83.39036
113,35.11532,-83.39045
114,35.12108,-83.3927
115,35.12143,-83.39285
116,35.12324,-83.39352
117,35.12611,-83.39466
118,35.12643,-83.39477
119,35.12773,-83.39527
120,35.12876,-83.39564
121,35.13029,-83.39612
122,35.13044,-83.39618
123,35.13626,-83.39799
124,35.13675,-83.39812
125,35.13702,-83.39818
126,35.13781,-83.39828
127,35.13808,-83.39829
128,35.13871,-83.39828
129,35.13927,-83.39822
130,35.13954,-83.39818
131,35.13986,-83.3981
132,35.14038,-83.39794
133,35.14119,-83.39759
134,35.15269,-83.39222
135,35.15292,-83.39213
136,35.15315,-83.39205
137,35.15332,-83.392
138,35.15377,-83.39189
139,35.15429,-83.3918
140,35.15453,-83.39177
141,35.16099,-83.39164
142,35.16109,-83.39165
143,35.16155,-83.39163
144,35.16205,-83.39163
145,35.16285,-83.3916
146,35.16374,-83.39154
147,35.16446,-83.39144
148,35.16533,-83.39125
149,35.16651,-83.39095
150,35.16629,-83.3892
151,35.16591,-83.38684
152,35.16547,-83.38463
153,35.16495,-83.38252
154,35.16421,-83.37977
155,35.16398,-83.37845
156,35.16393,-83.37702
157,35.16405,-83.3756
158,35.16428,-83.37438
159,35.16461,-83.37331
160,35.16517,-83.37204
161,35.16578,-83.371
162,35.16666,-83.3699
163,35.16903,-83.36709
164,35.17003,-83.36572
165,35.17118,-83.36376
166,35.17213,-83.36178
167,35.17285,-83.36036
168,35.1735,-83.35933
169,35.17427,-83.35853
170,35.17532,-83.35777
171,35.17637,-83.35729
172,35.17747,-83.35699
173,35.17927,-83.35673
174,35.18056,-83.35669
175,35.18179,-83.35686
176,35.18292,-83.35716
177,35.18418,-83.35768
178,35.1909,-83.36092
179,35.19213,-83.36135
180,35.19326,-83.36161
181,35.19469,-83.3617
182,35.19626,-83.36153
183,35.19965,-83.36093
184,35.20235,-83.36036
185,35.20523,-83.35969
186,35.20645,-83.35961
187,35.20735,-83.35969
188,35.20841,-83.36
189,35.21241,-83.36138
190,35.21325,-83.36152
191,35.21424,-83.36145
192,35.21522,-83.36112
193,35.21631,-83.36045
194,35.22721,-83.35248
195,35.22911,-83.35089
196,35.2312,-83.34892
197,35.23202,-83.34802
198,35.23276,-83.34706
199,35.23353,-83.34587
200,35.23407,-83.34484
201,35.23446,-83.34395
202,35.23475,-83.34324
203,35.23502,-83.34246
204,35.2353,-83.3416
205,35.23561,-83.34071
206,35.23613,-83.339
207,35.23635,-83.33804
208,35.2369,-83.33482
209,35.23707,-83.33417
210,35.23717,-83.33385
211,35.23744,-83.33326
212,35.23769,-83.33279
213,35.2403,-83.3284
214,35.24087,-83.32736
215,35.2434,-83.32235
216,35.24348,-83.32221
217,35.24373,-83.32185
218,35.24381,-83.32175
219,35.24406,-83.32147
220,35.24422,-83.32131
221,35.24431,-83.32123
222,35.24456,-83.32105
223,35.24476,-83.32095
224,35.24491,-83.3209
225,35.24498,-83.32087
226,35.24584,-83.32069
227,35.24616,-83.3206
228,35.24625,-83.32056
229,35.24634,-83.32051
230,35.24641,-83.32048
231,35.24649,-83.32043
232,35.24653,-83.3204
233,35.24659,-83.32037
234,35.24667,-83.32031
235,35.2469,-83.32011
236,35.24795,-83.31903
237,35.24803,-83.31894
238,35.24814,-83.31883
239,35.24831,-83.31868
240,35.24839,-83.31862
241,35.24859,-83.31849
242,35.24881,-83.31837
243,35.249,-83.31828
244,35.2497,-83.318
245,35.24976,-83.31798
246,35.25001,-83.31786
247,35.25011,-83.31779
248,35.25018,-83.31775
249,35.25029,-83.31766
250,35.25044,-83.31751
251,35.25074,-83.31714
252,35.25119,-83.31653
253,35.25127,-83.31645
254,35.25132,-83.31639
255,35.25138,-83.31633
256,35.25142,-83.3163
257,35.25146,-83.31626
258,35.25164,-83.31614
259,35.25174,-83.31609
260,35.25187,-83.31605
261,35.25194,-83.31604
262,35.25202,-83.31602
263,35.2523,-83.31602
264,35.25251,-83.31606
265,35.25261,-83.31609
266,35.25286,-83.31622
267,35.25301,-83.31632
268,35.25346,-83.31671
269,35.254,-83.31714
270,35.25407,-83.31719
271,35.25414,-83.31723
272,35.25423,-83.31729
273,35.25434,-83.31735
274,35.25448,-83.31741
275,35.25465,-83.31743
276,35.25476,-83.31743
277,35.25487,-83.31741
278,35.25497,-83.31738
279,35.25519,-83.31725
280,35.25592,-83.31662
281,35.25609,-83.31649
282,35.25629,-83.31638
283,35.25646,-83.31632
284,35.25654,-83.3163
285,35.25661,-83.31629
286,35.25693,-83.31629
287,35.2574,-83.31637
288,35.25806,-83.31644
289,35.25824,-83.31644
290,35.25852,-83.31641
291,35.25862,-83.31638
292,35.25871,-83.31636
293,35.25896,-83.31627
294,35.25908,-83.31622
295,35.25917,-83.31616
296,35.25926,-83.31611
297,35.25938,-83.31602
298,35.25948,-83.31592
299,35.25952,-83.31586
300,35.25958,-83.31579
301,35.25967,-83.31565
302,35.25978,-83.31544
303,35.25987,-83.31525
304,35.25991,-83.31515
305,35.25997,-83.31494
306,35.26002,-83.3147
307,35.26004,-83.31445
308,35.26004,-83.31412
309,35.26002,-83.31382
310,35.2597,-83.3109
311,35.25968,-83.31078
312,35.25967,-83.31058
313,35.25963,-83.31012
314,35.25961,-83.30972
315,35.25961,-83.3095
316,35.25963,-83.30909
317,35.25966,-83.30892
318,35.25968,-83.30874
319,35.25979,-83.30823
320,35.25988,-83.30775
321,35.26001,-83.30722
322,35.26011,-83.30657
323,35.26015,-83.30593
324,35.26015,-83.3056
325,35.26003,-83.3021
326,35.26006,-83.30159
327,35.26009,-83.30141
328,35.26017,-83.30102
329,35.26034,-83.30053
330,35.26046,-83.30028
331,35.26069,-83.29985
332,35.26099,-83.29945
333,35.26139,-83.29904
334,35.26167,-83.29881
335,35.26183,-83.2987
336,35.26204,-83.29859
337,35.26224,-83.29851
338,35.26244,-83.29844
339,35.26252,-83.29842
340,35.26263,-83.2984
341,35.26271,-83.29838
342,35.26277,-83.29838
343,35.26286,-83.29837
344,35.26293,-83.29837
345,35.26298,-83.29838
346,35.26306,-83.29838
347,35.2632,-83.2984
348,35.26328,-83.29842
349,35.26349,-83.29849
350,35.26357,-83.29853
351,35.26366,-83.29859
352,35.26373,-83.29863
353,35.26379,-83.29867
354,35.26388,-83.29874
355,35.26395,-83.29882
356,35.26404,-83.2989
357,35.26413,-83.299
358,35.26424,-83.29915
359,35.26442,-83.29942
360,35.26481,-83.30005
361,35.26493,-83.30023
362,35.26503,-83.30036
363,35.26537,-83.30066
364,35.2655,-83.30075
365,35.26574,-83.30088
366,35.26581,-83.3009
367,35.266,-83.30094
368,35.26629,-83.30094
369,35.26646,-83.30091
370,35.26653,-83.30089
371,35.26661,-83.30086
372,35.26666,-83.30083
373,35.26671,-83.30081
374,35.26689,-83.30069
375,35.26701,-83.30059
376,35.26713,-83.30045
377,35.26732,-83.30018
378,35.26749,-83.29979
379,35.26756,-83.29957
380,35.26761,-83.29924
381,35.26762,-83.29905
382,35.26762,-83.29871
383,35.26759,-83.29794
384,35.26759,-83.29771
385,35.2676,-83.29748
386,35.26762,-83.29727
387,35.26769,-83.29689
388,35.26773,-83.29673
389,35.26777,-83.2966
390,35.26791,-83.29622
391,35.26795,-83.29613
392,35.26809,-83.29586
393,35.26823,-83.29564
394,35.26858,-83.29516
395,35.26952,-83.29396
396,35.26992,-83.29353
397,35.27045,-83.29301
398,35.27088,-83.29264
399,35.2715,-83.29215
400,35.27376,-83.29065
401,35.27475,-83.29007
402,35.27578,-83.28951
403,35.27637,-83.28924
404,35.27823,-83.28856
405,35.27849,-83.28844
406,35.2787,-83.28831
407,35.27895,-83.28813
408,35.27928,-83.28786
409,35.27993,-83.28727
410,35.28056,-83.28685
411,35.28142,-83.28645
412,35.28844,-83.28342
413,35.28945,-83.28285
414,35.29026,-83.28222
415,35.29092,-83.28147
416,35.2915,-83.2805
417,35.29189,-83.27948
418,35.29218,-83.27822
419,35.29273,-83.27486
420,35.29349,-83.27098
421,35.29371,-83.26941
422,35.2939,-83.26787
423,35.29415,-83.26695
424,35.29454,-83.26624
425,35.29511,-83.26559
426,35.29578,-83.26514
427,35.30015,-83.2628
428,35.30116,-83.26218
429,35.30215,-83.26148
430,35.30326,-83.26054
431,35.30487,-83.25926
432,35.30557,-83.25887
433,35.3064,-83.25866
434,35.30715,-83.25867
435,35.30788,-83.25887
436,35.31346,-83.26106
437,35.31506,-83.26152
438,35.31666,-83.26187
439,35.31814,-83.26211
440,35.32005,-83.26223
441,35.32164,-83.26221
442,35.3277,-83.26188
443,35.32862,-83.2617
444,35.32937,-83.26129
445,35.33046,-83.26029
446,35.33367,-83.25745
447,35.33444,-83.25664
448,35.3351,-83.25565
449,35.336,-83.25396
450,35.33659,-83.25324
451,35.33719,-83.25279
452,35.33799,-83.25251
453,35.33875,-83.25247
454,35.3394,-83.2526
455,35.34003,-83.25297
456,35.3407,-83.25359
457,35.34183,-83.25494
458,35.34248,-83.25558
459,35.34328,-83.25624
460,35.34411,-83.2568
461,35.345,-83.25722
462,35.34592,-83.25757
463,35.34697,-83.25779
464,35.34944,-83.25792
465,35.35245,-83.25826
466,35.35332,-83.25826
467,35.35405,-83.25807
468,35.35497,-83.25762
469,35.35566,-83.257
470,35.35627,-83.25627
471,35.3568,-83.25537
472,35.35779,-83.25354
473,35.3583,-83.25282
474,35.35888,-83.25229
475,35.35964,-83.25179
476,35.36056,-83.25131
477,35.36159,-83.25087
478,35.36246,-83.25067
479,35.36336,-83.2506
480,35.36421,-83.25069
481,35.36502,-83.25091
482,35.36874,-83.25224
483,35.36926,-83.25254
484,35.36986,-83.25306
485,35.37112,-83.25428
486,35.37179,-83.25484
487,35.37256,-83.25527
488,35.37349,-83.25555
489,35.37439,-83.25563
490,35.37583,-83.25553
491,35.37685,-83.25553
492,35.37785,-83.2557
493,35.37853,-83.25592
494,35.38008,-83.26346
495,35.38036,-83.26433
496,35.38082,-83.26512
497,35.38148,-83.26576
498,35.38223,-83.26616
499,35.38673,-83.26809
500,35.38732,-83.2685
501,35.38782,-83.26907
502,35.3882,-83.26979
503,35.38838,-83.27054
504,35.38844,-83.27116
505,35.38838,-83.27184
506,35.38818,-83.27254
507,35.3878,-83.2733
508,35.38643,-83.27544
509,35.38613,-83.27584
510,35.38563,-83.27629
511,35.38507,-83.27658
512,35.38445,-83.2767
513,35.38331,-83.27675
514,35.38266,-83.27693
515,35.38219,-83.2772
516,35.38164,-83.27768
517,35.38117,-83.27828
518,35.38082,-83.2789
519,35.38056,-83.27966
520,35.38037,-83.28039
521,35.38031,-83.28134
522,35.3803,-83.2836
523,35.38039,-83.28464
524,35.38059,-83.28556
525,35.38105,-83.2866
526,35.38204,-83.28846
527,35.38248,-83.28903
528,35.38318,-83.28962
529,35.39325,-83.29729
530,35.39408,-83.29776
531,35.39475,-83.29793
532,35.39546,-83.29788
533,35.39624,-83.29758
534,35.3969,-83.29709
535,35.39741,-83.29652
536,35.39791,-83.29565
537,35.39952,-83.29279
538,35.40003,-83.29214
539,35.40061,-83.29173
540,35.40131,-83.2915
541,35.40202,-83.29149
542,35.40287,-83.29179
543,35.40371,-83.29221
544,35.40468,-83.29293
545,35.40533,-83.29358
546,35.40576,-83.29427
547,35.40608,-83.29516
548,35.40622,-83.29602
549,35.40615,-83.297
550,35.40597,-83.29796
551,35.40569,-83.29875
552,35.40531,-83.29961
553,35.40483,-83.30032
554,35.40371,-83.30174
555,35.4033,-83.30243
556,35.40308,-83.30314
557,35.40298,-83.30394
558,35.40299,-83.30444
559,35.40311,-83.30537
560,35.40463,-83.31361
561,35.40468,-83.31437
562,35.40461,-83.3152
563,35.40438,-83.31615
564,35.40406,-83.31708
565,35.40393,-83.3179
566,35.40389,-83.31873
567,35.40395,-83.31944
568,35.40417,-83.32018
569,35.40456,-83.32089
570,35.407,-83.32448
571,35.40774,-83.32529
572,35.40843,-83.32584
573,35.40937,-83.32638
574,35.41025,-83.32674
575,35.41107,-83.32695
576,35.41223,-83.32709
577,35.41518,-83.32724
578,35.41692,-83.32835
579,35.41854,-83.33036
580,35.41967,-83.33223
581,35.42072,-83.33433
582,35.42108,-83.33399
583,35.42212,-83.33251
584,35.42582,-83.32708
585,35.42604,-83.32684
586,35.42629,-83.32659
587,35.4268,-83.32619
588,35.42705,-83.32605
589,35.42735,-83.32593
590,35.42777,-83.32578
591,35.42829,-83.32568
592,35.42851,-83.32567
593,35.4291,-83.32568
594,35.43497,-83.32622
595,35.43584,-83.32623
596,35.43668,-83.32611
597,35.43694,-83.32602
598,35.43721,-83.32589
599,35.43744,-83.32576
600,35.43782,-83.32547
601,35.43833,-83.32497
602,35.43865,-83.32458
603,35.43882,-83.32431
604,35.43885,-83.32427
605,35.43989,-83.32264
606,35.44022,-83.32217
607,35.44051,-83.3218
608,35.44054,-83.32177
609,35.44089,-83.32132
610,35.44156,-83.32054
611,35.4435,-83.31861
612,35.44373,-83.31836
613,35.44399,-83.318
614,35.44407,-83.31786
615,35.44421,-83.31758
616,35.44427,-83.31744
617,35.4444,-83.31708
618,35.44444,-83.31692
619,35.44451,-83.3165
620,35.44454,-83.31615
621,35.44454,-83.31514
622,35.4445,-83.31381
623,35.4445,-83.31345
624,35.44455,-83.3128
625,35.44466,-83.31225
626,35.44472,-83.31201
627,35.4448,-83.31176
628,35.44488,-83.31156
629,35.44511,-83.31106
630,35.44533,-83.31063
631,35.44617,-83.30917
632,35.44658,-83.30853
633,35.44674,-83.30831
634,35.44708,-83.30794
635,35.4476,-83.30754
636,35.44775,-83.30744
637,35.44795,-83.30733
638,35.44831,-83.30719
639,35.44852,-83.30713
640,35.44873,-83.3071
641,35.44889,-83.30706
642,35.44917,-83.30701
643,35.44921,-83.30701
644,35.44939,-83.30698
645,35.44967,-83.30696
646,35.45015,-83.30698
647,35.45038,-83.30701
648,35.4505,-83.30704
649,35.45078,-83.30713
650,35.45108,-83.30726
651,35.45162,-83.30754
652,35.45187,-83.30769
653,35.45214,-83.30788
654,35.45259,-83.30815
655,35.45274,-83.30826
656,35.4536,-83.30882
657,35.45439,-83.3094
658,35.45582,-83.31053
659,35.45978,-83.31397
660,35.46028,-83.31446
661,35.46061,-83.31481
662,35.46076,-83.31499
663,35.461,-83.31525
664,35.46117,-83.31548
665,35.4614,-83.31582
666,35.46174,-83.31637
667,35.46178,-83.31646
668,35.4621,-83.31708
669,35.46296,-83.31906
670,35.46308,-83.31924
671,35.4633,-83.3195
672,35.46349,-83.31969
673,35.46378,-83.31994
674,35.46398,-83.32009
675,35.4646,-83.32051
676,35.46602,-83.32133
677,35.46645,-83.32165
678,35.46652,-83.32172
679,35.46683,-83.32199
680,35.46722,-83.32242
681,35.46849,-83.32409
682,35.46905,-83.32479
683,35.46907,-83.32482
684,35.46966,-83.32552
685,35.46993,-83.32581
686,35.4701,-83.32597
687,35.47029,-83.32613
688,35.47046,-83.32626
689,35.47087,-83.3265
690,35.47123,-83.32667
691,35.4714,-83.32676
692,35.47158,-83.32684
693,35.47223,-83.32709
694,35.47415,-83.32806
695,35.47482,-83.32834
696,35.47535,-83.32861
697,35.47595,-83.32759
698,35.47632,-83.32674
699,35.47652,-83.32616
700,35.47661,-83.32585
701,35.47667,-83.32571
702,35.47677,-83.32538
703,35.47692,-83.32464
704,35.47699,-83.32421
705,35.47709,-83.32337
706,35.47712,-83.32288
707,35.47712,-83.32243
708,35.47705,-83.3206
709,35.47777,-83.32045
710,35.47931,-83.32013
711,35.47962,-83.32004
712,35.47994,-83.31988
713,35.48039,-83.31956
714,35.48085,-83.31917
715,35.48119,-83.31878
716,35.48186,-83.31796
717,35.4821,-83.31769
718,35.48233,-83.31746
719,35.48254,-83.31727
720,35.48465,-83.31557
721,35.4849,-83.31547
722,35.48515,-83.3154
723,35.48579,-83.31532
724,35.4859,-83.31532
725,35.48871,-83.3151
726,35.489,-83.31506
727,35.48943,-83.31498
728,35.49012,-83.31482
729,35.49466,-83.31349
730,35.49634,-83.31305
731,35.49645,-83.31303
732,35.49657,-83.31302
733,35.49669,-83.31302
734,35.49711,-83.31307
735,35.49724,-83.31311
736,35.49728,-83.31311
737,35.49739,-83.31314
738,35.49767,-83.31318
739,35.49782,-83.31318
740,35.49796,-83.31315
741,35.49812,-83.31313
742,35.4986,-83.31301
743,35.49888,-83.31288
744,35.499,-83.31281
745,35.49912,-83.31272
746,35.49926,-83.3126
747,35.49936,-83.3125
748,35.49957,-83.31224
749,35.49964,-83.31214
750,35.49972,-83.31204
751,35.49979,-83.31191
752,35.49989,-83.31169
753,35.50005,-83.31124
754,35.50016,-83.31082
755,35.50025,-83.31028
756,35.50033,-83.30956
757,35.50034,-83.30937
758,35.50034,-83.30884
759,35.50029,-83.30805
760,35.49999,-83.30599
761,35.49958,-83.30367
762,35.49952,-83.30323
763,35.49948,-83.30269
764,35.49949,-83.30264
765,35.49952,-83.30215
766,35.4996,-83.30172
767,35.4997,-83.30132
768,35.49987,-83.30089
769,35.50003,-83.30059
770,35.50017,-83.30038
771,35.50047,-83.29998
772,35.50059,-83.29985
773,35.50086,-83.29961
774,35.50104,-83.29948
775,35.50127,-83.29934
776,35.50147,-83.29924
777,35.50187,-83.29909
778,35.50219,-83.29903
779,35.50228,-83.29902
780,35.50246,-83.29902
781,35.5026,-83.29903
782,35.50271,-83.29905
783,35.50282,-83.29906
784,35.5029,-83.29908
785,35.50295,-83.29908
786,35.50309,-83.29912
787,35.50319,-83.29909
788,35.50349,-83.29919
789,35.50368,-83.29927
790,35.50385,-83.29936
791,35.50398,-83.29945
792,35.50427,-83.29968
793,35.50444,-83.29983
794,35.50459,-83.29999
795,35.505,-83.30056
796,35.50517,-83.30088
797,35.50526,-83.30109
798,35.50632,-83.30328
799,35.50653,-83.30367
800,35.50687,-83.3042
801,35.50708,-83.30449
802,35.50735,-83.30482
803,35.50759,-83.30508
804,35.50791,-83.3054
805,35.5082,-83.30566
806,35.50861,-83.30595
807,35.50894,-83.30616
808,35.50898,-83.30619
809,35.50958,-83.30649
810,35.51012,-83.30669
811,35.51068,-83.30684
812,35.51118,-83.30691
813,35.51153,-83.30693
814,35.51202,-83.30693
815,35.51716,-83.3067
816,35.51783,-83.30671
817,35.51788,-83.30673
818,35.51809,-83.30675
819,35.51846,-83.30684
820,35.51861,-83.30689
821,35.51906,-83.30708
822,35.51936,-83.30725
823,35.51954,-83.30737
824,35.52014,-83.30781
825,35.52029,-83.3079
826,35.52054,-83.308
827,35.52066,-83.30804
828,35.52095,-83.3081
829,35.52142,-83.30809
830,35.52157,-83.30806
831,35.52194,-83.30794
832,35.52213,-83.30784
833,35.52228,-83.30774
834,35.52241,-83.30764
835,35.52246,-83.30759
836,35.52257,-83.3075
837,35.52266,-83.30741
838,35.52409,-83.30566
839,35.52433,-83.3054
840,35.52481,-83.30498
841,35.52502,-83.30483
842,35.52526,-83.30468
843,35.52531,-83.30464
844,35.52576,-83.30439
845,35.52602,-83.30427
846,35.52609,-83.30425
847,35.52615,-83.30422
848,35.52643,-83.30412
849,35.52653,-83.3041
850,35.52677,-83.30402
851,35.52744,-83.30384
852,35.52818,-83.30368
853,35.5287,-83.3036
854,35.52943,-83.30352
855,35.52984,-83.30349
856,35.53048,-83.30348
857,35.53164,-83.30353
858,35.53205,-83.30357
859,35.53358,-83.30379
860,35.53375,-83.3038
861,35.53391,-83.30382
862,35.53423,-83.30382
863,35.53444,-83.30381
864,35.53467,-83.30378
865,35.53477,-83.30376
866,35.53523,-83.30363
867,35.53562,-83.30346
868,35.53583,-83.30335
869,35.536,-83.30324
870,35.53611,-83.30315
871,35.53617,-83.30312
872,35.53644,-83.30289
873,35.53674,-83.30258
874,35.53689,-83.30239
875,35.53709,-83.30211
876,35.53766,-83.30117
877,35.53773,-83.30104
878,35.53802,-83.30065
879,35.53822,-83.30041
880,35.53856,-83.30005
881,35.53888,-83.29978
882,35.53912,-83.2996
883,35.5393,-83.29948
884,35.53967,-83.29927
885,35.53985,-83.29918
886,35.53998,-83.29913
887,35.54013,-83.29906
888,35.54028,-83.299
889,35.54058,-83.29891
890,35.54073,-83.29888
891,35.54091,-83.29886
892,35.54099,-83.29886
893,35.54108,-83.29887
894,35.54115,-83.29887
895,35.54122,-83.29888
896,35.54138,-83.29893
897,35.54157,-83.29902
898,35.54177,-83.29914
899,35.54219,-83.29947
900,35.54245,-83.29971
901,35.54286,-83.30016
902,35.54314,-83.30051
903,35.54328,-83.30071
904,35.54355,-83.30118
905,35.54365,-83.30141
906,35.54371,-83.30158
907,35.54382,-83.30226
908,35.54391,-83.30255
909,35.54407,-83.30288
910,35.54512,-83.30445
911,35.54544,-83.30498
912,35.54613,-83.30624
913,35.54631,-83.30649
914,35.54657,-83.3068
915,35.54816,-83.30857
916,35.5483,-83.30871
917,35.54847,-83.30886
918,35.54858,-83.30894
919,35.54878,-83.30906
920,35.54892,-83.30913
921,35.5492,-83.30922
922,35.54936,-83.30926
923,35.5529,-83.30982
924,35.55301,-83.30983
925,35.5534,-83.30991
926,35.55354,-83.30995
927,35.55374,-83.31004
928,35.55387,-83.31011
929,35.55415,-83.3103
930,35.55435,-83.31048
931,35.55453,-83.31068
932,35.55459,-83.31076
933,35.55464,-83.31084
934,35.5547,-83.31092
935,35.55485,-83.31118
936,35.55501,-83.31159
937,35.55512,-83.31197
938,35.55618,-83.31689
939,35.55633,-83.31743
940,35.5575,-83.32074
941,35.5576,-83.32099
942,35.55778,-83.32137
943,35.56126,-83.32742
944,35.56144,-83.32767
945,35.5636,-83.33033
946,35.56372,-83.33055
947,35.56383,-83.33085
948,35.56388,-83.33109
949,35.56391,-83.33155
950,35.56389,-83.33212
951,35.56391,-83.33239
952,35.56396,-83.33257
953,35.56401,-83.3327
954,35.56408,-83.33283
955,35.56425,-83.33304
956,35.56433,-83.3331
957,35.5645,-83.3332
958,35.56465,-83.33324
959,35.56479,-83.33326
960,35.56545,-83.33325
961,35.56559,-83.33326
962,35.56579,-83.3333
963,35.566,-83.3334
964,35.56614,-83.3335
965,35.5663,-83.33364
966,35.56687,-83.33429
967,35.56739,-83.33485
968,35.56754,-83.33499
969,35.56791,-83.33529
970,35.56805,-83.33539
971,35.56884,-83.33601
972,35.56913,-83.33629
973,35.56924,-83.33642
974,35.56954,-83.33692
975,35.56961,-83.33705
976,35.56988,-83.33746
977,35.57005,-83.33762
978,35.57017,-83.33772
979,35.57061,-83.338
980,35.57402,-83.34001
981,35.57426,-83.34017
982,35.57443,-83.3403
983,35.57458,-83.34043
984,35.57488,-83.34074
985,35.57511,-83.34102
986,35.57537,-83.34139
987,35.57552,-83.34165
988,35.57705,-83.34471
989,35.57723,-83.34497
990,35.57741,-83.34518
991,35.57754,-83.34531
992,35.57773,-83.34547
993,35.57785,-83.34554
994,35.57792,-83.34559
995,35.5781,-83.34569
996,35.57837,-83.34579
997,35.5785,-83.34583
998,35.57861,-83.34585
999,35.57871,-83.34586
1000,35.57885,-83.34586
1001,35.57895,-83.34585
1002,35.57908,-83.34585
1003,35.57944,-83.34582
1004,35.57957,-83.34582
1005,35.57968,-83.34583
1006,35.57979,-83.34585
1007,35.57989,-83.34588
1008,35.58007,-83.34596
1009,35.58017,-83.34602
1010,35.58038,-83.34621
1011,35.58054,-83.34641
1012,35.58061,-83.34654
1013,35.58074,-83.34685
1014,35.58077,-83.34698
1015,35.58083,-83.34743
1016,35.58107,-83.34998
1017,35.58113,-83.35034
1018,35.58117,-83.35048
1019,35.58127,-83.35076
1020,35.58133,-83.35089
1021,35.58146,-83.35108
1022,35.5816,-83.35124
1023,35.5817,-83.35134
1024,35.58187,-83.35147
1025,35.58206,-83.35159
1026,35.58247,-83.35181
1027,35.58263,-83.35191
1028,35.58283,-83.35205
1029,35.5829,-83.35211
1030,35.5831,-83.35232
1031,35.58324,-83.3525
1032,35.58333,-83.35265
1033,35.58338,-83.35272
1034,35.58359,-83.35318
1035,35.58626,-83.3597
1036,35.58655,-83.36058
1037,35.58663,-83.36087
1038,35.58687,-83.36161
1039,35.58705,-83.36204
1040,35.58753,-83.36294
1041,35.58781,-83.36358
1042,35.58795,-83.36395
1043,35.58815,-83.36462
1044,35.58824,-83.36501
1045,35.58872,-83.36784
1046,35.58895,-83.36886
1047,35.58927,-83.36991
1048,35.58947,-83.3704
1049,35.58962,-83.37081
1050,35.58963,-83.37086
1051,35.58971,-83.37112
1052,35.58978,-83.37142
1053,35.59067,-83.37698
1054,35.59071,-83.37718
1055,35.59074,-83.37728
1056,35.59076,-83.37739
1057,35.59088,-83.37772
1058,35.59092,-83.37781
1059,35.59099,-83.37794
1060,35.59131,-83.37847
1061,35.59144,-83.37874
1062,35.59151,-83.37891
1063,35.59157,-83.3791
1064,35.59161,-83.37926
1065,35.5917,-83.37972
1066,35.59172,-83.37987
1067,35.59183,-83.38034
1068,35.59215,-83.38132
1069,35.59221,-83.38156
1070,35.59224,-83.38177
1071,35.59227,-83.38192
1072,35.59232,-83.38259
1073,35.59235,-83.38278
1074,35.59244,-83.38317
1075,35.59251,-83.38339
1076,35.59272,-83.38381
1077,35.59294,-83.38416
1078,35.59302,-83.38432
1079,35.59313,-83.38458
1080,35.59318,-83.38473
1081,35.59322,-83.38489
1082,35.59326,-83.38524
1083,35.59326,-83.38564
1084,35.59322,-83.38616
1085,35.59322,-83.3864
1086,35.59326,-83.38677
1087,35.5933,-83.38696
1088,35.59339,-83.38725
1089,35.59343,-83.38734
1090,35.59347,-83.38745
1091,35.59365,-83.38786
1092,35.59372,-83.38805
1093,35.59374,-83.38813
1094,35.59378,-83.38825
1095,35.59383,-83.38846
1096,35.59384,-83.38857
1097,35.59391,-83.38902
1098,35.59392,-83.38914
1099,35.59401,-83.38964
1100,35.59404,-83.38974
1101,35.59407,-83.38989
1102,35.59425,-83.39058
1103,35.5943,-83.39094
1104,35.59433,-83.39127
1105,35.59435,-83.39186
1106,35.5944,-83.39235
1107,35.59453,-83.39288
1108,35.5946,-83.39309
1109,35.59495,-83.39398
1110,35.59535,-83.39535
1111,35.59539,-83.39544
1112,35.59543,-83.39556
1113,35.59658,-83.39808
1114,35.59667,-83.39832
1115,35.59679,-83.39876
1116,35.59685,-83.39904
1117,35.59688,-83.39929
1118,35.59694,-83.40008
1119,35.597,-83.40041
1120,35.59704,-83.40057
1121,35.59707,-83.40066
1122,35.59708,-83.40071
1123,35.59715,-83.40088
1124,35.59723,-83.40104
1125,35.5973,-83.40115
1126,35.59751,-83.40141
1127,35.59761,-83.40151
1128,35.59781,-83.40169
1129,35.59797,-83.40181
1130,35.59828,-83.40208
1131,35.59835,-83.40216
1132,35.59852,-83.40233
1133,35.59861,-83.40245
1134,35.59881,-83.40281
1135,35.59887,-83.40296
1136,35.59894,-83.40317
1137,35.59895,-83.40324
1138,35.59898,-83.40337
1139,35.59901,-83.40355
1140,35.59902,-83.40366
1141,35.59902,-83.40407
1142,35.59891,-83.40521
1143,35.59891,-83.40531
1144,35.5989,-83.40545
1145,35.5989,-83.40567
1146,35.59891,-83.40573
1147,35.59891,-83.4059
1148,35.59892,-83.40595
1149,35.59892,-83.40604
1150,35.59894,-83.40626
1151,35.59896,-83.40637
1152,35.59899,-83.40662
1153,35.59911,-83.40713
1154,35.59915,-83.40727
1155,35.59931,-83.40771
1156,35.59942,-83.40796
1157,35.60006,-83.40928
1158,35.60018,-83.40957
1159,35.60027,-83.40983
1160,35.60038,-83.41029
1161,35.60046,-83.4107
1162,35.60059,-83.41124
1163,35.60066,-83.41144
1164,35.60083,-83.41185
1165,35.60092,-83.41201
1166,35.60108,-83.41226
1167,35.60121,-83.41243
1168,35.60152,-83.41276
1169,35.60166,-83.41288
1170,35.60266,-83.41365
1171,35.60278,-83.41379
1172,35.60289,-83.41398
1173,35.60295,-83.41414
1174,35.60298,-83.41424
1175,35.60301,-83.41447
1176,35.60301,-83.41459
1177,35.60299,-83.41473
1178,35.60297,-83.4148
1179,35.60296,-83.41488
1180,35.60291,-83.41501
1181,35.60288,-83.41506
1182,35.60285,-83.41513
1183,35.60272,-83.41531
1184,35.60263,-83.4154
1185,35.60257,-83.41544
1186,35.6024,-83.41553
1187,35.6023,-83.41556
1188,35.60216,-83.41558
1189,35.60211,-83.41558
1190,35.60207,-83.41557
1191,35.60202,-83.41557
1192,35.60196,-83.41556
1193,35.60171,-83.41542
1194,35.60149,-83.41523
1195,35.60128,-83.41497
1196,35.60039,-83.41364
1197,35.60013,-83.41336
1198,35.59977,-83.41308
1199,35.59914,-83.41268
1200,35.59883,-83.41243
1201,35.59857,-83.41212
1202,35.59833,-83.41171
1203,35.59812,-83.41124
1204,35.59782,-83.41059
1205,35.59754,-83.41015
1206,35.59724,-83.40977
1207,35.59699,-83.40944
1208,35.59681,-83.40911
1209,35.59661,-83.4085
1210,35.59652,-83.40818
1211,35.59633,-83.40793
1212,35.59618,-83.40777
1213,35.59593,-83.40768
1214,35.59564,-83.40767
1215,35.59514,-83.40771
1216,35.59482,-83.40765
1217,35.59463,-83.40753
1218,35.59446,-83.40733
1219,35.59431,-83.40698
1220,35.59426,-83.40649
1221,35.59421,-83.40593
1222,35.5941,-83.40556
1223,35.59395,-83.40528
1224,35.59372,-83.40503
1225,35.59342,-83.40485
1226,35.59304,-83.40476
1227,35.59235,-83.40462
1228,35.59204,-83.40453
1229,35.59192,-83.40448
1230,35.59175,-83.40436
1231,35.59154,-83.40415
1232,35.59146,-83.40402
1233,35.5914,-83.4039
1234,35.59135,-83.40376
1235,35.59128,-83.40346
1236,35.59123,-83.40312
1237,35.59121,-83.40271
1238,35.59117,-83.40243
1239,35.59109,-83.40213
1240,35.59095,-83.40178
1241,35.59076,-83.40149
1242,35.59028,-83.40087
1243,35.5901,-83.40059
1244,35.59002,-83.40044
1245,35.58986,-83.4001
1246,35.58937,-83.39895
1247,35.58905,-83.39834
1248,35.58877,-83.39794
1249,35.58871,-83.39788
1250,35.58867,-83.39783
1251,35.58858,-83.39774
1252,35.58847,-83.39765
1253,35.58842,-83.3976
1254,35.58835,-83.39756
1255,35.5882,-83.39746
1256,35.58805,-83.39739
1257,35.58786,-83.39733
1258,35.58761,-83.39729
1259,35.58741,-83.39729
1260,35.58713,-83.39735
1261,35.58692,-83.39742
1262,35.58671,-83.39755
1263,35.58666,-83.39759
1264,35.58662,-83.39761
1265,35.58658,-83.39765
1266,35.58653,-83.39769
1267,35.58644,-83.39778
1268,35.58626,-83.39799
1269,35.5862,-83.39808
1270,35.58611,-83.39827
1271,35.58607,-83.39833
1272,35.58604,-83.3984
1273,35.58593,-83.39877
1274,35.58588,-83.3991
1275,35.58588,-83.39949
1276,35.58591,-83.39974
1277,35.58598,-83.40004
1278,35.58633,-83.40112
1279,35.58634,-83.40118
1280,35.58637,-83.40127
1281,35.58639,-83.40137
1282,35.58642,-83.4016
1283,35.58642,-83.40165
1284,35.58643,-83.40175
1285,35.58643,-83.40191
1286,35.58637,-83.40235
1287,35.58631,-83.40265
1288,35.58623,-83.40321
1289,35.58623,-83.40341
1290,35.58625,-83.4036
1291,35.58627,-83.40371
1292,35.58633,-83.40391
1293,35.58638,-83.40401
1294,35.5864,-83.40407
1295,35.58651,-83.40425
1296,35.58658,-83.40434
1297,35.58666,-83.40442
1298,35.58679,-83.40453
1299,35.58685,-83.40457
1300,35.58708,-83.40469
1301,35.58714,-83.40471
1302,35.58723,-83.40475
1303,35.5873,-83.40477
1304,35.58832,-83.40514
1305,35.5885,-83.40522
1306,35.58859,-83.40525
1307,35.58884,-83.40536
1308,35.58902,-83.40547
1309,35.58916,-83.40558
1310,35.58929,-83.40571
1311,35.58946,-83.40592
1312,35.58958,-83.40612
1313,35.5899,-83.40671
1314,35.59,-83.40686
1315,35.59026,-83.40713
1316,35.59031,-83.40716
1317,35.59036,-83.4072
1318,35.59049,-83.40728
1319,35.59074,-83.4074
1320,35.59107,-83.40754
1321,35.59123,-83.40762
1322,35.59137,-83.4077
1323,35.59146,-83.40776
1324,35.5917,-83.40796
1325,35.59175,-83.40801
1326,35.59187,-83.40816
1327,35.59193,-83.40822
1328,35.59243,-83.40891
1329,35.59259,-83.40911
1330,35.59322,-83.40974
1331,35.59342,-83.40996
1332,35.59354,-83.41012
1333,35.59369,-83.41039
1334,35.59378,-83.4106
1335,35.5941,-83.41158
1336,35.59436,-83.41259
1337,35.59452,-83.41345
1338,35.59473,-83.41516
1339,35.59482,-83.41575
1340,35.59489,-83.41607
1341,35.59497,-83.41637
1342,35.59503,-83.41654
1343,35.59516,-83.41685
1344,35.59531,-83.41715
1345,35.59541,-83.41732
1346,35.59556,-83.41754
1347,35.59589,-83.41792
1348,35.59608,-83.41812
1349,35.59697,-83.41899
1350,35.59727,-83.41932
1351,35.59736,-83.41943
1352,35.59758,-83.41977
1353,35.59761,-83.41983
1354,35.59766,-83.41991
1355,35.59769,-83.41999
1356,35.59776,-83.42013
1357,35.59809,-83.42093
1358,35.5982,-83.42116
1359,35.59842,-83.42152
1360,35.59858,-83.42175
1361,35.59879,-83.42199
1362,35.59895,-83.42214
1363,35.59904,-83.42224
1364,35.59927,-83.42244
1365,35.59952,-83.42264
1366,35.59967,-83.42274
1367,35.6,-83.42291
1368,35.60011,-83.42295
1369,35.60059,-83.42309
1370,35.60074,-83.42315
1371,35.60099,-83.4233
1372,35.60106,-83.42335
1373,35.60119,-83.42346
1374,35.60125,-83.42352
1375,35.60141,-83.42373
1376,35.60155,-83.42397
1377,35.6016,-83.42407
1378,35.6017,-83.42434
1379,35.6018,-83.42486
1380,35.60182,-83.42505
1381,35.60186,-83.4253
1382,35.6019,-83.42565
1383,35.60202,-83.42612
1384,35.6021,-83.42633
1385,35.6022,-83.4265
1386,35.60221,-83.42653
1387,35.60225,-83.42658
1388,35.60237,-83.42676
1389,35.60325,-83.42786
1390,35.60339,-83.42805
1391,35.60345,-83.42812
1392,35.60352,-83.42822
1393,35.60361,-83.42838
1394,35.60371,-83.42862
1395,35.60378,-83.42893
1396,35.60386,-83.42952
1397,35.60388,-83.42962
1398,35.60398,-83.42998
1399,35.60403,-83.43011
1400,35.60447,-83.43095
1401,35.60453,-83.4311
1402,35.6049,-83.43226
1403,35.60501,-83.43252
1404,35.60559,-83.43375
1405,35.60579,-83.43425
1406,35.60605,-83.43484
1407,35.6062,-83.43512
1408,35.6064,-83.43545
1409,35.60658,-83.43569
1410,35.6068,-83.43591
1411,35.60692,-83.43598
1412,35.60705,-83.43604
1413,35.60714,-83.43605
1414,35.60733,-83.43603
1415,35.60743,-83.43601
1416,35.60757,-83.43594
1417,35.60765,-83.43589
1418,35.60772,-83.43583
1419,35.60778,-83.43576
1420,35.60786,-83.43564
1421,35.60791,-83.43552
1422,35.60794,-83.43543
1423,35.60796,-83.43533
1424,35.60798,-83.43526
1425,35.60798,-83.43524
1426,35.60799,-83.43518
1427,35.60802,-83.43479
1428,35.60803,-83.43438
1429,35.60804,-83.4343
1430,35.60806,-83.43424
1431,35.60808,-83.43415
1432,35.60816,-83.43396
1433,35.60824,-83.43383
1434,35.60835,-83.4337
1435,35.60844,-83.43361
1436,35.60868,-83.4334
1437,35.60875,-83.43333
1438,35.60889,-83.43316
1439,35.60894,-83.43307
1440,35.60902,-83.43288
1441,35.60919,-83.43206
1442,35.60928,-83.43178
1443,35.60944,-83.43138
1444,35.60958,-83.43096
1445,35.60978,-83.43025
1446,35.60983,-83.43011
1447,35.60994,-83.42988
1448,35.61017,-83.42946
1449,35.61031,-83.42913
